{"strat": 11.124717488789237, "end": 13.465219730941703, "pas": "5"}